{
  "cosine_bigram": 0.7344305096547329,
  "cosine_trigram": 0.7190921343834757,
  "fw_gap_mean": 3.707022721051989,
  "fw_gap_cv": 0.6340286499672991,
  "wordlen_chi2": 64.95877913755884,
  "vc_ratio": 1.0348590322336488,
  "passes": true
}