{
  "cosine_bigram_p5": 0.5496274749874138,
  "cosine_trigram_p5": 0.3896375251094959,
  "fw_gap_mean_p2.5": 0.0,
  "fw_gap_mean_p97.5": 6.0,
  "fw_gap_cv_p2.5": 0.0,
  "fw_gap_cv_p97.5": 0.0,
  "wordlen_chi2_p95": 13.895381328073638,
  "vc_ratio_p2.5": 0.5,
  "vc_ratio_p97.5": 0.6666666666666666
}