{
  "original_score": -276.10309278350513,
  "iterations": 20,
  "segment_results": {
    "5": {
      "null_mean": -282.1030927835052,
      "null_std": 12.806248474865697,
      "null_max": -256.10309278350513,
      "null_min": -306.10309278350513,
      "p_value": 0.35,
      "z_score": 0.46852128566582263,
      "better_nulls": 7
    },
    "10": {
      "null_mean": -296.6030927835052,
      "null_std": 11.608186766243902,
      "null_max": -266.10309278350513,
      "null_min": -306.10309278350513,
      "p_value": 0.15,
      "z_score": 1.7659950182411914,
      "better_nulls": 3
    },
    "15": {
      "null_mean": -289.1030927835052,
      "null_std": 8.426149773176357,
      "null_max": -266.10309278350513,
      "null_min": -296.10309278350513,
      "p_value": 0.15,
      "z_score": 1.5428161556520164,
      "better_nulls": 3
    }
  },
  "best_segment_size": 10,
  "best_p_value": 0.15,
  "best_z_score": 1.7659950182411914,
  "original_plaintext_preview": "OBKRUOXOGHULBSOLIFBBWFLRVQQPRNGKSSOTWTQSJQSSEKZZWA"
}