{
  "projection_0deg": {
    "lm_score": 0.17925999999999997,
    "p_value": 0.001998001998001998,
    "n_chars": 50
  },
  "cross_section_v1": {
    "lm_score": 0.11890500000000001,
    "p_value": 0.011988011988011988,
    "n_chars": 100
  },
  "spiral_path": {
    "lm_score": 0.07577830188679247,
    "p_value": 0.9050949050949051,
    "n_chars": 106
  }
}