{
  "schema_version": "1.0.0",
  "rails": {
    "anchors_0idx": {
      "EAST": [21, 24],
      "NORTHEAST": [25, 33],
      "BERLINCLOCK": [63, 73]
    }
  },
  "head_lock": [0, 74],
  "tail_guard": {
    "seam": {
      "range": [80, 96],
      "cuts": [81, 83, 88, 90, 93],
      "tokens": ["OF", "AN", "ANGLE", "IS", "THE", "ARC"]
    }
  },
  "pt_sha256": "50616118b3b9dd2909f989e1fbf905061a72aeda47c22d97501c3391e876301a",
  "ct_sha256": "eea813570c7f1fd3b34674e47b5c3da8948026f5cefee612a0b38ffaa515ceab",
  "proof_sha256": "bbbbbbbbbbbbbbbbbbbbbbbbbbbbbbbbbbbbbbbbbbbbbbbbbbbbbbbbbbbbbbbb",
  "t2_sha256": "84b138ed43649290734b8e6b791e2255617837bda5b9e6549b9de9b45491d9e7",
  "near_gate": {
    "coverage": 0.8846153846153846,
    "f_words": 10,
    "has_verb": true,
    "pass": true
  },
  "phrase_gate": {
    "accepted_by": ["flint_v2", "generic"],
    "pass": true
  },
  "nulls": {
    "K": 10000,
    "metrics": {
      "coverage": {"p_raw": 0.00019998, "p_holm": 0.00019998},
      "f_words": {"p_raw": 0.00009999, "p_holm": 0.00009999}
    },
    "publishable": true
  }
}
