{
  "original_score": 426.8890716053796,
  "null_mean": 426.88907160537957,
  "null_std": 5.684341886080802e-14,
  "null_max": 426.8890716053796,
  "null_min": 426.8890716053796,
  "p_value": 1.0,
  "z_score": 1.0,
  "iterations": 20,
  "better_nulls": 20,
  "original_plaintext_preview": "OBKRUOXOGHULBSOLIFBBWFLRVQQPRNGKSSOTWTQSJQSSEKZZWA"
}