{
  "original_score": -276.10309278350513,
  "iterations": 20,
  "segment_results": {
    "5": {
      "null_mean": -287.6030927835052,
      "null_std": 14.585952145814822,
      "null_max": -256.10309278350513,
      "null_min": -306.10309278350513,
      "p_value": 0.3,
      "z_score": 0.788429845719724,
      "better_nulls": 6
    },
    "10": {
      "null_mean": -288.1030927835052,
      "null_std": 14.352700094407323,
      "null_max": -256.10309278350513,
      "null_min": -306.10309278350513,
      "p_value": 0.3,
      "z_score": 0.8360796171499452,
      "better_nulls": 6
    },
    "15": {
      "null_mean": -285.6030927835052,
      "null_std": 8.645808232895293,
      "null_max": -266.10309278350513,
      "null_min": -296.10309278350513,
      "p_value": 0.3,
      "z_score": 1.0987983707358628,
      "better_nulls": 6
    }
  },
  "best_segment_size": 15,
  "best_p_value": 0.3,
  "best_z_score": 1.0987983707358628,
  "original_plaintext_preview": "OBKRUOXOGHULBSOLIFBBWFLRVQQPRNGKSSOTWTQSJQSSEKZZWA"
}