{
  "label": "BLINDED_CH00_S1_I004",
  "before_anchors": {
    "text": "RQLMGCJBUDKDMRHUDCCDZQSMXADVHXVKXKPQJCBDUZHKWVQFZBYXVCVKWRFCGPZKXFCQWPXRJZE",
    "S_blind": 2.4697958856476268
  },
  "after_anchors": {
    "text": "RQLMGCJBUDKDMRHUDCCDZEASTNORTHEASTPQJCBDUZHKWVQFZBYXVCVKWRFCGPZBERLINCLOCKE",
    "S_blind": 2.4625,
    "C_drop": 0.007295885647626843,
    "anchor_mode": "fixed",
    "anchor_positions": [
      21,
      25,
      63
    ]
  },
  "after_repair": {
    "text": "RQLMGCJBUDKDMRHUDCCDZEASTNORTHEASTPQJCBDUZHKWVQFZBYXVCVKWRFCGPZBERLINCLOCKE",
    "S_blind": 2.4625,
    "improvement": 0.0
  },
  "saliency": {
    "text": "RQLMGCJBUDKDMRHUDCCDZQSMXADVHXVKXKPQJCBDUZHKWVQFZBYXVCVKWRFCGPZKXFCQWPXRJZE",
    "baseline_score": 2.4697958856476268,
    "baseline_components": {
      "z_trigram": 1.875,
      "z_bigram": 1.357652952158755,
      "z_compress": 5,
      "content_count": 21,
      "max_repeat": 1,
      "score": 2.4697958856476268
    },
    "saliency": [
      -0.0,
      0.03477459070847866,
      -0.0,
      0.030724633180629013,
      0.021880592314498237,
      -0.0,
      0.021880592314498237,
      -0.0,
      -0.0,
      -0.0,
      0.04582465695919069,
      -0.0,
      -0.0,
      0.02075347987658871,
      0.03206110493577308,
      -0.0,
      0.022415521118635873,
      -0.0,
      0.024200609026286735,
      0.021880592314498237,
      -0.0,
      0.028213354159561277,
      -0.0,
      -0.0,
      0.019932084364251423,
      -0.0,
      -0.0,
      0.027255422418835273,
      -0.0,
      0.00022799642648863028,
      -0.0,
      -0.0,
      0.00022799642648863028,
      -0.0,
      -0.0,
      0.020600916559230242,
      -0.0,
      -0.0,
      0.05865432675131066,
      0.007844574779252156,
      -0.0,
      -0.0,
      -0.0,
      0.02500773369142406,
      -0.0,
      -0.0,
      -0.0,
      -0.0,
      0.04815166317456665,
      0.015169914221375258,
      -0.0,
      0.00022799642648863028,
      -0.0,
      -0.0,
      -0.0,
      -0.0,
      -0.0,
      -0.0,
      0.03330425557683414,
      -0.0,
      -0.0,
      -0.0,
      -0.0,
      -0.0,
      0.00022799642648863028,
      -0.0,
      -0.0,
      -0.0,
      -0.0,
      -0.0,
      0.026019232544898685,
      -0.0,
      0.03330425557683414,
      0.007295885647626843,
      0.007295885647626843
    ],
    "normalized_saliency": [
      0.0,
      0.5928734099347854,
      0.0,
      0.5238255194863771,
      0.37304310741252017,
      0.0,
      0.37304310741252017,
      0.0,
      0.0,
      0.0,
      0.7812664384246251,
      0.0,
      0.0,
      0.35382692166226193,
      0.546611080742763,
      0.0,
      0.3821631303292555,
      0.0,
      0.41259716659770473,
      0.37304310741252017,
      0.0,
      0.48101062141900447,
      0.0,
      0.0,
      0.33982291619784094,
      0.0,
      0.0,
      0.46467880424910407,
      0.0,
      0.0038871203390555597,
      0.0,
      0.0,
      0.0038871203390555597,
      0.0,
      0.0,
      0.35122586346573154,
      0.0,
      0.0,
      1.0,
      0.13374247414879525,
      0.0,
      0.0,
      0.0,
      0.42635786780836676,
      0.0,
      0.0,
      0.0,
      0.0,
      0.8209396619404667,
      0.2586324839375346,
      0.0,
      0.0038871203390555597,
      0.0,
      0.0,
      0.0,
      0.0,
      0.0,
      0.0,
      0.5678056065333653,
      0.0,
      0.0,
      0.0,
      0.0,
      0.0,
      0.0038871203390555597,
      0.0,
      0.0,
      0.0,
      0.0,
      0.0,
      0.4436029528600339,
      0.0,
      0.5678056065333653,
      0.12438785084961891,
      0.12438785084961891
    ],
    "position_impacts": [
      {
        "position": 0,
        "char": "R",
        "saliency": -0.0,
        "median_delta": 0.0,
        "std_delta": 0.0
      },
      {
        "position": 1,
        "char": "Q",
        "saliency": 0.03477459070847866,
        "median_delta": -0.03477459070847866,
        "std_delta": 0.017538172436990247
      },
      {
        "position": 2,
        "char": "L",
        "saliency": -0.0,
        "median_delta": 0.0,
        "std_delta": 0.011965344979380888
      },
      {
        "position": 3,
        "char": "M",
        "saliency": 0.030724633180629013,
        "median_delta": -0.030724633180629013,
        "std_delta": 0.032200321543498604
      },
      {
        "position": 4,
        "char": "G",
        "saliency": 0.021880592314498237,
        "median_delta": -0.021880592314498237,
        "std_delta": 0.020594632721296434
      },
      {
        "position": 5,
        "char": "C",
        "saliency": -0.0,
        "median_delta": 0.0,
        "std_delta": 0.011996632931016708
      },
      {
        "position": 6,
        "char": "J",
        "saliency": 0.021880592314498237,
        "median_delta": -0.021880592314498237,
        "std_delta": 0.013361281649184204
      },
      {
        "position": 7,
        "char": "B",
        "saliency": -0.0,
        "median_delta": 0.0,
        "std_delta": 0.014729988849679288
      },
      {
        "position": 8,
        "char": "U",
        "saliency": -0.0,
        "median_delta": 0.0,
        "std_delta": 0.02152893657105352
      },
      {
        "position": 9,
        "char": "D",
        "saliency": -0.0,
        "median_delta": 0.0,
        "std_delta": 0.026631478756826966
      },
      {
        "position": 10,
        "char": "K",
        "saliency": 0.04582465695919069,
        "median_delta": -0.04582465695919069,
        "std_delta": 0.031404741314056794
      },
      {
        "position": 11,
        "char": "D",
        "saliency": -0.0,
        "median_delta": 0.0,
        "std_delta": 0.0
      },
      {
        "position": 12,
        "char": "M",
        "saliency": -0.0,
        "median_delta": 0.0,
        "std_delta": 0.011909743727157293
      },
      {
        "position": 13,
        "char": "R",
        "saliency": 0.02075347987658871,
        "median_delta": -0.02075347987658871,
        "std_delta": 0.014617283803576363
      },
      {
        "position": 14,
        "char": "H",
        "saliency": 0.03206110493577308,
        "median_delta": -0.03206110493577308,
        "std_delta": 0.0209481590844146
      },
      {
        "position": 15,
        "char": "U",
        "saliency": -0.0,
        "median_delta": 0.0,
        "std_delta": 0.02941352631630125
      },
      {
        "position": 16,
        "char": "D",
        "saliency": 0.022415521118635873,
        "median_delta": -0.022415521118635873,
        "std_delta": 0.025840268684085982
      },
      {
        "position": 17,
        "char": "C",
        "saliency": -0.0,
        "median_delta": 0.0,
        "std_delta": 0.02237731869544568
      },
      {
        "position": 18,
        "char": "C",
        "saliency": 0.024200609026286735,
        "median_delta": -0.024200609026286735,
        "std_delta": 0.022633590058495908
      },
      {
        "position": 19,
        "char": "D",
        "saliency": 0.021880592314498237,
        "median_delta": -0.021880592314498237,
        "std_delta": 0.013476566337777399
      },
      {
        "position": 20,
        "char": "Z",
        "saliency": -0.0,
        "median_delta": 0.0,
        "std_delta": 0.01971092657402865
      },
      {
        "position": 21,
        "char": "Q",
        "saliency": 0.028213354159561277,
        "median_delta": -0.028213354159561277,
        "std_delta": 0.01804610697916221
      },
      {
        "position": 22,
        "char": "S",
        "saliency": -0.0,
        "median_delta": 0.0,
        "std_delta": 0.006819334820043079
      },
      {
        "position": 23,
        "char": "M",
        "saliency": -0.0,
        "median_delta": 0.0,
        "std_delta": 0.008431022470656302
      },
      {
        "position": 24,
        "char": "X",
        "saliency": 0.019932084364251423,
        "median_delta": -0.019932084364251423,