{
  "original_score": -276.10309278350513,
  "iterations": 20,
  "segment_results": {
    "5": {
      "null_mean": -277.6030927835052,
      "null_std": 15.898113095584645,
      "null_max": -246.10309278350513,
      "null_min": -306.10309278350513,
      "p_value": 0.65,
      "z_score": 0.09435081955836944,
      "better_nulls": 13
    },
    "10": {
      "null_mean": -292.1030927835052,
      "null_std": 11.575836902790225,
      "null_max": -266.10309278350513,
      "null_min": -306.10309278350513,
      "p_value": 0.2,
      "z_score": 1.3821894809301811,
      "better_nulls": 4
    },
    "15": {
      "null_mean": -287.1030927835052,
      "null_std": 8.306623862918075,
      "null_max": -266.10309278350513,
      "null_min": -296.10309278350513,
      "p_value": 0.2,
      "z_score": 1.324244383943468,
      "better_nulls": 4
    }
  },
  "best_segment_size": 10,
  "best_p_value": 0.2,
  "best_z_score": 1.3821894809301811,
  "original_plaintext_preview": "OBKRUOXOGHULBSOLIFBBWFLRVQQPRNGKSSOTWTQSJQSSEKZZWA"
}