{
  "categories": {
    "SHIFT-1": {
      "count": 5,
      "mean_anchor_fixed": 0.0,
      "mean_anchor_r1": 0.5,
      "mean_anchor_r2": 0.5,
      "mean_anchor_r3": 0.6666666666666666,
      "mean_anchor_r4": 0.75
    },
    "SHIFT+2": {
      "count": 5,
      "mean_anchor_fixed": 0.0,
      "mean_anchor_r1": 0.16666666666666666,
      "mean_anchor_r2": 0.16666666666666666,
      "mean_anchor_r3": 0.4444444444444445,
      "mean_anchor_r4": 0.5833333333333334
    },
    "COMBO": {
      "count": 10,
      "mean_anchor_fixed": 0.33333333333333337,
      "mean_anchor_r1": 0.5666666666666667,
      "mean_anchor_r2": 0.5333333333333333,
      "mean_anchor_r3": 0.6,
      "mean_anchor_r4": 0.6333333333333333
    },
    "EAST": {
      "count": 12,
      "mean_anchor_fixed": 0.6666666666666666,
      "mean_anchor_r1": 0.725,
      "mean_anchor_r2": 0.7083333333333334,
      "mean_anchor_r3": 0.75,
      "mean_anchor_r4": 0.7708333333333334
    },
    "PERFECT": {
      "count": 10,
      "mean_anchor_fixed": 1.0,
      "mean_anchor_r1": 1.0,
      "mean_anchor_r2": 1.0,
      "mean_anchor_r3": 1.0,
      "mean_anchor_r4": 1.0
    },
    "SHIFT+3": {
      "count": 5,
      "mean_anchor_fixed": 0.0,
      "mean_anchor_r1": 0.16666666666666666,
      "mean_anchor_r2": 0.16666666666666666,
      "mean_anchor_r3": 0.22222222222222224,
      "mean_anchor_r4": 0.4166666666666667
    },
    "NORTHEAST": {
      "count": 12,
      "mean_anchor_fixed": 0.5,
      "mean_anchor_r1": 0.6416666666666667,
      "mean_anchor_r2": 0.5833333333333334,
      "mean_anchor_r3": 0.6666666666666669,
      "mean_anchor_r4": 0.7083333333333334
    },
    "TYPO2": {
      "count": 5,
      "mean_anchor_fixed": 0.0,
      "mean_anchor_r1": 0.09333333333333332,
      "mean_anchor_r2": 0.0,
      "mean_anchor_r3": 0.0,
      "mean_anchor_r4": 0.0
    },
    "SHIFT+1": {
      "count": 5,
      "mean_anchor_fixed": 0.0,
      "mean_anchor_r1": 0.5,
      "mean_anchor_r2": 0.5,
      "mean_anchor_r3": 0.6666666666666666,
      "mean_anchor_r4": 0.75
    },
    "BERLINCLOCK": {
      "count": 12,
      "mean_anchor_fixed": 0.6666666666666666,
      "mean_anchor_r1": 0.7916666666666666,
      "mean_anchor_r2": 0.7916666666666666,
      "mean_anchor_r3": 0.8611111111111113,
      "mean_anchor_r4": 0.8958333333333334
    },
    "SHIFT-3": {
      "count": 5,
      "mean_anchor_fixed": 0.0,
      "mean_anchor_r1": 0.0,
      "mean_anchor_r2": 0.0,
      "mean_anchor_r3": 0.0,
      "mean_anchor_r4": 0.25
    },
    "SHIFT-2": {
      "count": 5,
      "mean_anchor_fixed": 0.0,
      "mean_anchor_r1": 0.0,
      "mean_anchor_r2": 0.0,
      "mean_anchor_r3": 0.3333333333333333,
      "mean_anchor_r4": 0.5
    },
    "TYPO1": {
      "count": 5,
      "mean_anchor_fixed": 0.13333333333333333,
      "mean_anchor_r1": 0.5199999999999999,
      "mean_anchor_r2": 0.16666666666666666,
      "mean_anchor_r3": 0.17777777777777776,
      "mean_anchor_r4": 0.1833333333333333
    },
    "K4": {
      "count": 5,
      "mean_anchor_fixed": 0.0,
      "mean_anchor_r1": 0.0,
      "mean_anchor_r2": 0.0,
      "mean_anchor_r3": 0.0,
      "mean_anchor_r4": 0.0
    }
  },
  "anchor_scores": {}
}