{
  "config_name": "ngram_only",
  "weights": {
    "ngram": 1.0,
    "coverage": 0.0,
    "compress": 0.0
  },
  "performance": {
    "avg_score": 5.470158467792697,
    "avg_delta_s": 5.89752380209332,
    "pass_rate": 0.0
  },
  "timestamp": "2025-09-05T22:44:36.346252"
}