{
  "schema_version": "1.0.0",
  "K": 10000,
  "metrics": {
    "coverage": {"p_raw": 0.00009999, "p_holm": 0.00019998},
    "f_words": {"p_raw": 0.00009999, "p_holm": 0.00009999}
  },
  "publishable": true
}
