{
  "K": 10000,
  "metrics": {
    "coverage": {
      "p_raw": 9.999000099990002e-05,
      "p_holm": 0.00019998000199980003
    },
    "f_words": {
      "p_raw": 9.999000099990002e-05,
      "p_holm": 9.999000099990002e-05
    }
  },
  "publishable": true
}
