{
  "ngram_mean": 0.007735436777471966,
  "ngram_std": 0.005015286065469952,
  "coverage_mean": 0.20288055156610849,
  "coverage_std": 0.09781579789034785,
  "compress_mean": 0.00027210884353741447,
  "compress_std": 0.002260305813038927,
  "n_samples": 70
}