label,n,lm_score,p_raw,p_adj
perimeter,317,0.10356624605678218,0.000999000999000999,0.003996003996003996
paired_alternation,234,0.08541239316239303,0.2817182817182817,1.0
