{
  "original_score": -276.10309278350513,
  "iterations": 20,
  "segment_results": {
    "5": {
      "null_mean": -294.6030927835052,
      "null_std": 11.079259903080171,
      "null_max": -276.10309278350513,
      "null_min": -306.10309278350513,
      "p_value": 0.2,
      "z_score": 1.6697866249041444,
      "better_nulls": 4
    },
    "10": {
      "null_mean": -293.1030927835052,
      "null_std": 14.52583904633395,
      "null_max": -256.10309278350513,
      "null_min": -306.10309278350513,
      "p_value": 0.15,
      "z_score": 1.1703282643965782,
      "better_nulls": 3
    },
    "15": {
      "null_mean": -287.6030927835052,
      "null_std": 7.9214897588774305,
      "null_max": -266.10309278350513,
      "null_min": -296.10309278350513,
      "p_value": 0.15,
      "z_score": 1.4517471271249542,
      "better_nulls": 3
    }
  },
  "best_segment_size": 5,
  "best_p_value": 0.2,
  "best_z_score": 1.6697866249041444,
  "original_plaintext_preview": "OBKRUOXOGHULBSOLIFBBWFLRVQQPRNGKSSOTWTQSJQSSEKZZWA"
}