{
  "sanity_tests": {
    "test1_reference": {
      "fixed": {
        "text": "ANEDTHOFSTALNDISITTEOEASTNORTH...",
        "S_blind": 1.0485590198056014,
        "mu": 1.8102372610207518,
        "sigma": 0.17860219996758775,
        "z": -4.264663264805124,
        "components": {
          "z_trigram": 0.9248347931768205,
          "z_bigram": -1.1627511180605763,
          "z_compress": 5,
          "content_count": 14,
          "max_repeat": 2,
          "score": 1.0485590198056014
        }
      },
      "windowed_r2": {
        "text": "ANEDTHOFSTALNDISITTEEASTISNORT...",
        "S_blind": 1.0421667638252508,
        "mu": 1.7928633110896424,
        "sigma": 0.17589416132585814,
        "z": -4.267887811657748,
        "components": {
          "z_trigram": 0.9384636474121305,
          "z_bigram": -1.2158592978774683,
          "z_compress": 5,
          "content_count": 14,
          "max_repeat": 2,
          "score": 1.0421667638252508
        }
      },
      "windowed_r3": {
        "text": "ANEDTHOFSTALNDISITTEOUOREASTNO...",
        "S_blind": 1.1236663545832841,
        "mu": 1.7987941102739728,
        "sigma": 0.18170863240006685,
        "z": -3.715441290671672,
        "components": {
          "z_trigram": 0.9716468188539092,
          "z_bigram": -1.0216213953815079,
          "z_compress": 5,
          "content_count": 14,
          "max_repeat": 2,
          "score": 1.1236663545832841
        }
      },
      "windowed_r4": {
        "text": "ANEDTHOFSTALNDISIEASTUONORTHEA...",
        "S_blind": 0.9930005016984104,
        "mu": 1.7984850917756021,
        "sigma": 0.18090120263806475,
        "z": -4.4526215322556615,
        "components": {
          "z_trigram": 0.843523041986447,
          "z_bigram": -1.1582187589736752,
          "z_compress": 5,
          "content_count": 14,
          "max_repeat": 2,
          "score": 0.9930005016984104
        }
      },
      "shuffled": {
        "text": "AEASTHOFSTALNDISITTEOUORISSTEN...",
        "S_blind": 1.1184284008954735,
        "mu": 1.7883989108149032,
        "sigma": 0.18563539279810146,
        "z": -3.6090666753839074,
        "components": {
          "z_trigram": 0.968122938469636,
          "z_bigram": -1.030858853444239,
          "z_compress": 5,
          "content_count": 14,
          "max_repeat": 2,
          "score": 1.1184284008954735
        }
      },
      "deltas": {
        "delta_windowed_best": 0.18795826745053734,
        "delta_shuffled": -0.6555965894212168,
        "pass_windowed": 