{
  "k": 10000,
  "coverage_p": 0.0005175032785379157,
  "f_words_p": 0.0001448801091745954,
  "holm_adj_p_coverage": 0.0010350065570758314,
  "holm_adj_p_f_words": 0.0002897602183491908,
  "passes": true
}