{
  "projection_0deg": {
    "ic": 0.037551020408163265,
    "ic_p": 0.8881118881118881,
    "bigrams": 1,
    "bigrams_p": 0.913086913086913,
    "trigrams": 0,
    "trigrams_p": 1.0,
    "kasiski_mean": 0,
    "kasiski_p": 1.0,
    "min_p": 0.8881118881118881
  },
  "cross_section_v1": {
    "ic": 0.12808080808080807,
    "ic_p": 0.000999000999000999,
    "bigrams": 4,
    "bigrams_p": 0.9790209790209791,
    "trigrams": 1,
    "trigrams_p": 0.32867132867132864,
    "kasiski_mean": 10.666666666666666,
    "kasiski_p": 0.26673326673326675,
    "min_p": 0.000999000999000999
  },
  "spiral_path": {
    "ic": 0.41294876263506447,
    "ic_p": 0.000999000999000999,
    "bigrams": 5,
    "bigrams_p": 1.0,
    "trigrams": 1,
    "trigrams_p": 0.6203796203796204,
    "kasiski_mean": 31.666666666666668,
    "kasiski_p": 0.42957042957042957,
    "min_p": 0.000999000999000999
  }
}