{
  "source": "K1K2K3",
  "windows_per_text": 2000,
  "total_windows": 6000,
  "seed": 1337,
  "thresholds_sha256": "0d6ba5c3c3134e23a080653ef5b083bdd34737ab9ff1d54e728ba20d197e36c1",
  "metrics_summary": {
    "cosine_bigram": {
      "min": 0.5496274749874138,
      "max": 0.810553708392181,
      "mean": 0.6452266805223043,
      "p5": 0.5496274749874138
    },
    "cosine_trigram": {
      "min": 0.3688178874746068,
      "max": 0.5991211570667239,
      "mean": 0.45584753613065476,
      "p5": 0.3896375251094959
    },
    "fw_gap_mean": {
      "min": 0.0,
      "max": 12.0,
      "mean": 0.4412222222222222,
      "p2.5": 0.0,
      "p97.5": 6.0
    },
    "fw_gap_cv": {
      "min": 0.0,
      "max": 0.9045340337332909,
      "mean": 0.00416266973518083,
      "p2.5": 0.0,
      "p97.5": 0.0
    },
    "wordlen_chi2": {
      "min": 0.14825772518080213,
      "max": 60.523668639053255,
      "mean": 5.56566332456717,
      "p95": 13.895381328073638
    },
    "vc_ratio": {
      "min": 0.47058823529411764,
      "max": 0.6666666666666666,
      "mean": 0.5949746159950258,
      "p2.5": 0.5,
      "p97.5": 0.6666666666666666
    }
  }
}