{
  "relief_mask": [
    0,
    0,
    0,
    0,
    0,
    0,
    0,
    0,
    0,
    0,
    0,
    0,
    0,
    0,
    0,
    0,
    0,
    0,
    0,
    0,
    0,
    0,
    0,
    0,
    0,
    0,
    0,
    0,
    0,
    0,
    0,
    0,
    1,
    0,
    0,
    0,
    0,
    0,
    0,
    0,
    0,
    0,
    0,
    0,
    0,
    0,
    0,
    0,
    0,
    0,
    0,
    0,
    0,
    0,
    0,
    0,
    0,
    0,
    0,
    0,
    0,
    0,
    0,
    0,
    0,
    0,
    0,
    0,
    0,
    0,
    0,
    0,
    0,
    0,
    0,
    0,
    0,
    0,
    0,
    1,
    0,
    0,
    0,
    0,
    0,
    0,
    0,
    0,
    0,
    0,
    0,
    0,
    0,
    0,
    0,
    0,
    0
  ],
  "wobble_mask": [
    0,
    0,
    1,
    1,
    0,
    1,
    1,
    0,
    1,
    0,
    1,
    0,
    1,
    0,
    0,
    0,
    0,
    1,
    1,
    0,
    1,
    0,
    0,
    0,
    1,
    0,
    0,
    0,
    0,
    1,
    0,
    1,
    1,
    1,
    0,
    0,
    0,
    1,
    1,
    0,
    1,
    1,
    0,
    0,
    0,
    0,
    1,
    0,
    0,
    1,
    1,
    1,
    1,
    0,
    0,
    1,
    0,
    0,
    1,
    0,
    1,
    1,
    1,
    1,
    0,
    0,
    1,
    0,
    0,
    1,
    1,
    1,
    1,
    1,
    1,
    0,
    1,
    1,
    0,
    1,
    1,
    0,
    1,
    0,
    0,
    0,
    1,
    1,
    0,
    1,
    0,
    1,
    1,
    0,
    0,
    1,
    0
  ],
  "seam_indices": [
    6,
    8,
    9,
    12,
    13,
    16,
    17,
    18,
    19,
    21,
    22,
    23,
    25,
    28,
    30,
    31,
    32,
    33,
    35,
    36,
    37,
    38,
    40,
    41,
    42,
    43,
    44,
    45,
    46,
    47,
    48,
    49,
    50,
    51,
    53,
    54,
    56,
    57,
    60,
    63,
    64,
    65,
    66,
    67,
    68,
    69,
    71,
    72,
    74,
    75,
    78,
    81,
    82,
    84,
    85,
    86,
    88,
    89,
    93,
    95
  ],
  "gap_period": 5,
  "params": {
    "disk_radius_mm": 6,
    "threshold": "Otsu",
    "seed": 20250913,
    "otsu_threshold_value": 0.012425446022142246,
    "median_threshold_value": 1.1938726702312017
  },
  "hashes": {
    "features_csv": "6eb0ac65b0b354748770a282ef9123c19d3f203a728af55eff638be286f89178",
    "relief_bake_png": "7d29928e22ba7040bff9ca82f512106a6a7f0030cc6c1b6c34509be5b3a7ee4f"
  }
}