{
  "corpus": {
    "line_count": 10,
    "path": "inline-mini-corpus",
    "sha256": "308f219751ecb760aa3a8910ffd5015d01d0dd7c7f0b0c64851b5810fa10ad4c"
  },
  "notes": "Counts from a fixed mini-corpus; usable as a deterministic well-formedness lookup.",
  "seed_recipe": "publication tooling|K4|eea813570c7f1fd3b34674e47b5c3da8948026f5cefee612a0b38ffaa515ceab|phrase_gate_calibration_v1",
  "seed_u64": 5355753465924540062,
  "tagset": "PTB-simplified (deterministic, rule-based)",
  "total_trigram_count": 52,
  "trigram_probs": {
    "CC DT NN": 0.019230769230769232,
    "CC NN IN": 0.019230769230769232,
    "DT JJ JJ": 0.019230769230769232,
    "DT JJ NN": 0.038461538461538464,
    "DT NN CC": 0.019230769230769232,
    "DT NN NN": 0.038461538461538464,
    "DT NN NNS": 0.019230769230769232,
    "DT NN RB": 0.019230769230769232,
    "DT NN VBZ": 0.019230769230769232,
    "IN DT JJ": 0.019230769230769232,
    "IN DT NN": 0.057692307692307696,
    "IN NNS CC": 0.019230769230769232,
    "IN PRP VB": 0.019230769230769232,
    "JJ JJ NN": 0.019230769230769232,
    "JJ NN NNS": 0.019230769230769232,
    "JJ NN VBZ": 0.019230769230769232,
    "NN CC DT": 0.019230769230769232,
    "NN CC NN": 0.019230769230769232,
    "NN DT NN": 0.019230769230769232,
    "NN IN DT": 0.038461538461538464,
    "NN IN PRP": 0.019230769230769232,
    "NN NN DT": 0.019230769230769232,
    "NN NN IN": 0.019230769230769232,
    "NN NNS DT": 0.038461538461538464,
    "NN NNS IN": 0.019230769230769232,
    "NN RB VB": 0.019230769230769232,
    "NN VBZ DT": 0.019230769230769232,
    "NN VBZ VBN": 0.019230769230769232,
    "NNS CC NNS": 0.019230769230769232,
    "NNS DT NN": 0.038461538461538464,
    "NNS IN DT": 0.019230769230769232,
    "NNS NN NNS": 0.019230769230769232,
    "PRP VB DT": 0.038461538461538464,
    "RB VB IN": 0.019230769230769232,
    "VB DT NN": 0.057692307692307696,
    "VB DT NNS": 0.019230769230769232,
    "VB IN NNS": 0.019230769230769232,
    "VB NN CC": 0.019230769230769232,
    "VB NN IN": 0.019230769230769232,
    "VBN IN DT": 0.019230769230769232,
    "VBZ DT NN": 0.019230769230769232,
    "VBZ VBN IN": 0.019230769230769232
  }
}