{
  "fixed": {
    "mu": 1.8102372610207518,
    "sigma": 0.17860219996758775,
    "N": 1000
  },
  "windowed_r2": {
    "mu": 1.7928633110896424,
    "sigma": 0.17589416132585814,
    "N": 1000
  },
  "windowed_r3": {
    "mu": 1.7987941102739728,
    "sigma": 0.18170863240006685,
    "N": 1000
  },
  "windowed_r4": {
    "mu": 1.7984850917756021,
    "sigma": 0.18090120263806475,
    "N": 1000
  },
  "shuffled": {
    "mu": 1.7883989108149032,
    "sigma": 0.18563539279810146,
    "N": 1000
  }
}