{
  "original_score": -276.10309278350513,
  "iterations": 20,
  "segment_results": {
    "5": {
      "null_mean": -286.1030927835052,
      "null_std": 13.784048752090222,
      "null_max": -256.10309278350513,
      "null_min": -306.10309278350513,
      "p_value": 0.4,
      "z_score": 0.7254762501100158,
      "better_nulls": 8
    },
    "10": {
      "null_mean": -293.1030927835052,
      "null_std": 13.820274961085254,
      "null_max": -266.10309278350513,
      "null_min": -306.10309278350513,
      "p_value": 0.2,
      "z_score": 1.230076828997121,
      "better_nulls": 4
    },
    "15": {
      "null_mean": -290.6030927835052,
      "null_std": 5.894913061275798,
      "null_max": -276.10309278350513,
      "null_min": -296.10309278350513,
      "p_value": 0.05,
      "z_score": 2.4597478960719257,
      "better_nulls": 1
    }
  },
  "best_segment_size": 15,
  "best_p_value": 0.05,
  "best_z_score": 2.4597478960719257,
  "original_plaintext_preview": "OBKRUOXOGHULBSOLIFBBWFLRVQQPRNGKSSOTWTQSJQSSEKZZWA"
}